Name,Address,Type,Description,Image_URL
Reeves-Reed Arboretum,"165 Hobart Ave, Summit, NJ 07901",Park,"This is one of the prettiest places in Summit, especially in the spring when the daffodils bloom. It feels peaceful and quiet, and it’s the kind of place I would take a friend to walk and talk. It really shows the charm of the town.",https://www.reeves-reedarboretum.org/content/uploads/2024/03/house-in-front-of-daffodils.jpg
Briant Park,"100 Briant Pkwy, Summit, NJ 07901",Park,"Briant Park is perfect for long walks around the lake. I grew up going here for walks and just to clear my head. It feels very calm and local, not touristy at all.","https://media-production.lp-cdn.com/cdn-cgi/image/format=auto,quality=85,fit=scale-down,width=1280/https://media-production.lp-cdn.com/media/wbrtzfjbz3oszpxlgaco"
Boxwood Coffee Roasters,"17 Beechwood Rd, Summit, NJ 07901",Restaurant,This is the best coffee spot in town. It’s cozy and feels very Summit-coded. I would definitely bring someone here in the morning before showing them around downtown.,https://njmonthly.com/wp-content/uploads/2018/08/boxwood-coffee.png
The Committed Pig,"339 Springfield Ave, Summit, NJ 07901",Restaurant,This place is known for its burgers and crazy milkshakes. It’s a popular hangout spot and always a great meal! ,https://static.where-e.com/United_States/New_Jersey/Union_County/The-Committed-Pig_5a06f037940101ee25dc8444f36e55f7.jpg
Summit Diner,"1 Union Pl, Summit, NJ 07901",Restaurant,This is a classic New Jersey diner and it’s super small and old-school inside. It feels like stepping back in time. I’d bring someone here to show them a true Jersey diner experience. It's designed to look like a train car on the outside and inside,https://res.cloudinary.com/the-infatuation/image/upload/v1704831650/NYC_SummitDiner_Exterior_AlexStaniloff-2_uswz8x.jpg
Summit High School,"125 Kent Pl Blvd, Summit, NJ 07901",School,"This is the center of the community and where so many memories were made. All lacrosse, field hockey, basketball, and soccer games take place here. Going to games here is a huge part of growing up in Summit.",https://imagescdn.homes.com/i2/yuR84lUIDfoHHBct56-CRVPgA0NqyRqXkU_So4XLJ7A/117/summit-sr-high-school-summit-nj-3-schoolphoto.jpg?p=1
Tatlock Sports Complex (Investors Field),"177 Ashwood Ave, Summit, NJ 07901",Recreation,"Tatlock, especially Investors Field, is where Friday night football games happen. The whole town shows up, and it feels like the biggest community event of the year. It’s one of the most Summit memories you can have.",https://summitcommunityprograms.com/ImageRepository/Path?filePath=%2Fdocuments%5CIntranet%5C22%2FIMG_1023+(Small).JPG
St. Teresa of Avila Church,"306 Morris Ave, Summit, NJ 07901",Religious,St. Teresa’s has always been a big part of the Summit community. It’s where people gather for major life events and holidays. The building itself is beautiful and feels very traditional. ,"https://static.wixstatic.com/media/b2c90c_3954e6dcd01e4ad5ba1ddc95bc013d3c~mv2.jpg/v1/fill/w_640,h_570,al_c,q_85,usm_0.66_1.00_0.01,enc_avif,quality_auto/b2c90c_3954e6dcd01e4ad5ba1ddc95bc013d3c~mv2.jpg"
Summit Elks Lodge Bar,"40 Maple St, Summit, NJ 07901",Recreation,The Elks Lodge bar is one of those local spots that feels very community-based and lowkey. It’s where people gather for events and celebrations. It shows the more social and tucked-away side of Summit. You must be an Elks member or a guest of one to attend,https://hockeyplayersinbusiness.org/wp-content/uploads/2022/04/F57FEF01B3E144009687C273F2B4CC27.jpg
Summit Train Station,"1 Union Pl, Summit, NJ 07901",Historical,The Summit Train Station is the center of town and where everything connects. It’s a daily part of life for commuters and gives Summit its classic suburban feel. It’s one of the first things people see when they arrive.,https://patch.com/img/cdn20/users/25400487/20220314/120847/styles/patch_image/public/patch-editorial-summit-train-station-nj-mirchuk-27___14120446553.jpg
Fiorino Ristorante,"38 Maple St, Summit, NJ 07901",Restaurant,Fiorino is one of the nicest Italian restaurants in town and feels very classic Summit. It’s the kind of place families go for celebrations and special dinners. It represents the more upscale side of downtown.,https://vrconcierge.com/wp-content/uploads/2024/10/fiorino-ristorante-and-bar-summit-nj-exterior-1-768x512.jpg